,IOC,Type,VT Malicious,VT Suspicious,Total Engines,Severity %,Microsoft Detection,OTX Pulses,In CIRCL Dataset,Country,State,City,Latitude,Longitude
0,b994cbc1b5c905a2b731e47b30718c684521e8ec6afb601afecf30ef573e5153,file,0,0,0,0,undetected,5,No,,,,0,0
1,reverb.8283762152.buzz,domain,10,2,94,10.64,undetected,0,No,,,,0,0
2,http://cud-senegal.org/post-postlogin/Izevzxvwkpf.pdf,url,0,0,0,0,undetected,5,No,,,,0,0
3,2bc8446ee880b1097e1220e1922251f209b5368e1388c135c032ba01f32b8b5a,file,33,0,76,43.42,Trojan:Win32/WinLNK.GO!MTB,6,No,,,,0,0
4,43.255.104.100,ip_address,9,1,94,9.57,undetected,5,No,Thailand,Bangkok,Bangkok,13.8203,100.6647
5,83290b2f6e7b3fb1bcfa90ed1e550acaeb85c7dc0cb4476b35818436af9395d2,file,0,0,0,0,undetected,2,No,,,,0,0
6,http://sanel.net.pl/filescontentgalleries/pictorialcoversoffiles/Rmtafnw.mp3,url,0,0,0,0,undetected,5,No,,,,0,0
7,209.141.43.37,ip_address,10,1,94,10.64,undetected,7,No,United States,Nevada,Las Vegas,36.1697,-115.1236
8,43.254.218.69,ip_address,9,1,94,9.57,undetected,5,No,Hong Kong,Yau Tsim Mong,Mong Kok,22.3205,114.169
9,f88cea311efbd3aaf896dd9527b137ad2bbd29332917b5aadd4c2693b45f893f,file,0,0,0,0,undetected,9,No,,,,0,0
10,58.64.193.225,ip_address,5,1,94,5.32,undetected,9,No,Hong Kong,Kwai Tsing,Kwai Chung,22.3702,114.13
11,http://sanel.net.pl/filescontentgalleries/pictorialcoversoffiles/Elxrh.vdf,url,0,0,0,0,undetected,5,No,,,,0,0
12,http://sanel.net.pl/filescontentgalleries/pictorialcoversoffiles/Rspfqdltykq.mp3,url,0,0,0,0,undetected,5,No,,,,0,0
13,0ff87724012499381266e5eb8481117ed4549f44fa88be2c517afee899c2179f,file,40,0,76,52.63,Trojan:PowerShell/Rozena.HNAA!MTB,2,No,,,,0,0
14,048642a4773c5b3bb0b1cbc260a4f08c5db6c95a390971347ea5b055ed1b4dbe,file,35,0,76,46.05,Trojan:Win32/Leonem!rfn,6,No,,,,0,0
15,15a2e86d950ac4b11cc38c437f7d38b6be47f5e03ab9bdf05db344afddbc73ae,file,40,0,76,52.63,Trojan:Win32/Seheq!rfn,6,No,,,,0,0
16,5a26624600d7ef102375317a32db739531bfab91335131edd1e2362f2753e693,file,36,0,76,47.37,Trojan:Win32/WinLNK!MSR,7,No,,,,0,0
17,http://sanel.net.pl/filescontentgalleries/pictorialcoversoffiles/Vmoeykn.pdf,url,0,0,0,0,undetected,5,No,,,,0,0
18,5831b09c93f305e7d0a49d4936478fac3890b97e065141f82cda9a0d75b1066d,file,58,0,76,76.32,Trojan:Win64/Meterpreter.B,9,No,,,,0,0
19,57543fd3673c9595a73c836b153faf68e23938662c5a4b6675205734b688ae95,file,51,0,76,67.11,Trojan:MSIL/Remcos.AMAA!MTB,5,No,,,,0,0
20,http://sanel.net.pl/filescontentgalleries/pictorialcoversoffiles/Oqjhea.mp3,url,0,0,0,0,undetected,5,No,,,,0,0
21,5baa482ac4553b9939c49c16da6e0f4fda2cf9f2ae0248774214943c2d86389c,file,34,0,76,44.74,Trojan:Win32/WinLNK!MSR,6,No,,,,0,0
22,79cd6380b2cf7ca1b3e3ba386ebbd7df0104e33ac74cdb5e886fd8be207bd961,file,57,0,76,75,Trojan:Win32/Upatre,9,No,,,,0,0
23,54a41f888a10e454705c5b4328c13415b0ffea3708e3e101d965883761945c67,file,50,0,76,65.79,Trojan:Win32/Alevaul!rfn,9,No,,,,0,0
24,f4ea99dc41cb7922d01955eef9303ec3a24b88c3318138855346de1e830ed09e,file,59,0,76,77.63,Trojan:Win32/CryptInject,18,No,,,,0,0
25,898d0451bd52c466d2284091be928f8ec1ced2184b205d903a04a747e67763ea,file,55,0,76,72.37,Trojan:MSIL/Heracles.SZCF!MTB,5,No,,,,0,0
26,http://sanel.net.pl/filescontentgalleries/pictorialcoversoffiles/Fwudzwsfsp.wav,url,0,0,0,0,undetected,5,No,,,,0,0
27,0bcfea4983cfc2a55a8ac339384ecd0988a470af444ea8f3b597d5fe5f6067fb,file,39,0,76,51.32,Backdoor:Linux/ConnectBack.A!xp,5,No,,,,0,0
28,9e38f67fad7dfd806955c61e8b2d68084c4506227bc8c880cffb28d77612759c,file,60,0,76,78.95,Trojan:Win64/Skeeyah!MTB,9,No,,,,0,0
29,aee0342c0e2d3a24d0593ee8740348954146f320,file,57,0,76,75,Trojan:MSIL/Remcos.AMY!MTB,5,No,,,,0,0
30,123.60.167.7,ip_address,9,0,94,9.57,undetected,5,No,China,Shanghai,Shanghai,31.2304,121.4737
31,2272925b1e83c7c3ab24bdeb82ce727db84f5268c70744345cda41b452c49e84,file,14,0,76,18.42,,5,No,,,,0,0
32,ccd1f9844b00059f6e35fdff577ac93048f4d99b18162d3c56cfeb2d72b93ae4,file,0,0,0,0,undetected,9,No,,,,0,0
33,73d908725a08dcfebf300ef187dab1c5ba1c3cba8343c678df49335ba7e89e47,file,50,0,76,65.79,Trojan:Win32/Lazy.EM!MTB,2,No,,,,0,0
34,http://sanel.net.pl/filescontentgalleries/pictorialcoversoffiles/Dyvfi.dat,url,0,0,0,0,undetected,5,No,,,,0,0
35,7ef22bfb6b2b2d23fe026bdfd7d2304427b6b62c6f9643efeddb4820ebf865af,file,46,0,76,60.53,,5,No,,,,0,0
36,09cea8aed5c58c446e6ef4d9bb83f7b5d7ba7b7c89d4164f397d378832722b69,file,32,0,76,42.11,Trojan:Win32/Alevaul!rfn,5,No,,,,0,0
37,http://sanel.net.pl/filescontentgalleries/pictorialcoversoffiles/Otmaq.mp4,url,0,0,0,0,undetected,5,No,,,,0,0
38,59.188.254.21,ip_address,6,1,94,6.38,undetected,9,No,Hong Kong,Yuen Long District,Hung Shui Kiu,22.4316,113.9882
39,http://sanel.net.pl/filescontentgalleries/pictorialcoversoffiles/Atcbgl.mp4,url,0,0,0,0,undetected,5,No,,,,0,0
40,sanel.net.pl,domain,8,1,94,8.51,undetected,5,No,,,,0,0
41,8f309ffbaa532294da8d7896cdac3311e6a1ff82e86551453787ee78a94a679e,file,57,0,76,75,Trojan:Win64/Filisto!rfn,9,No,,,,0,0
42,c1bd624e83382668939535d47082c0a6de1981ef2194bb4272b62ecc7be1ff6b,file,65,0,76,85.53,Trojan:Win64/Meterpreter.AMTB,9,No,,,,0,0
43,ab59adc979f2fb7b17d1556697423cb7dd9dc996,file,53,0,76,69.74,Trojan:MSIL/Heracles!rfn,5,No,,,,0,0
44,0c481216b2eff66d46ff369bae415af5,file,39,0,76,51.32,Trojan:MSIL/Jalapeno.ZZZ!MTB,5,No,,,,0,0
45,49dbc5b2a23291168014e5b88c8cf55a1b22ceb6,file,56,0,76,73.68,Trojan:Win32/Alevaul!rfn,5,No,,,,0,0
46,http://sanel.net.pl/filescontentgalleries/pictorialcoversoffiles/Lmshcchh.wav,url,0,0,0,0,undetected,5,No,,,,0,0
47,http://sanel.net.pl/filescontentgalleries/pictorialcoversoffiles/Rxmjavdc.mp3,url,0,0,0,0,undetected,5,No,,,,0,0
48,330d36e248881a0a24a7d0612f3ac9a5a24cc960b36c2fe9ba0d63941b12fc18,file,26,0,76,34.21,Trojan:Win32/WinLNK!rfn,7,No,,,,0,0
49,ad5f610e8fb4f0d74d5d761532c8c8b2b9e01a2a402ba89389794d15ecca8337,file,0,0,0,0,undetected,2,No,,,,0,0
50,162.33.178.196,ip_address,10,1,94,10.64,undetected,9,No,United States,Illinois,Chicago,41.8835,-87.6305
51,b00b32e1feb68498283f67ff807b14f835852d6f,file,53,0,75,70.67,Trojan:Win32/Alevaul!rfn,5,No,,,,0,0
52,1ce0367f66a3ee2e461ccb42ae7794622aa9fb3bf9bd8926e85260ed768fb17b,file,24,0,76,31.58,Trojan:Win32/Alevaul!rfn,9,No,,,,0,0
53,ccedc244ad5933537231139e24b4cad0df3e44d3b2944ef3b28dea5973396185,file,37,0,76,48.68,Trojan:Win64/TurtleLoader.CS!dha,2,No,,,,0,0
54,2f9c2e0bef460a7623954d65f10e6e5993c01d25e6f2905a5dc911639ca2ea75,file,39,0,76,51.32,Trojan:MSIL/Jalapeno.ZZZ!MTB,5,No,,,,0,0
55,http://sanel.net.pl/filescontentgalleries/pictorialcoversoffiles/Dewsmwflw.vdf,url,0,0,0,0,undetected,5,No,,,,0,0
56,http://sanel.net.pl/filescontentgalleries/pictorialcoversoffiles/Ibesc.wav,url,0,0,0,0,undetected,5,No,,,,0,0
57,reverb.trustedreverb.rest,domain,1,1,94,1.06,undetected,0,No,,,,0,0
58,0ca3239a90cc3421062090129932050f793e2fb81498711703a9d32967aba9ce,file,35,0,76,46.05,Trojan:Win32/Etset!rfn,6,No,,,,0,0
59,fa764df857ed8f0fbf606dcbb92d64f5a72b5c1dd94b3dcb9ea02ff8a02b986b,file,56,0,76,73.68,Trojan:Win64/Filisto.K!dha,9,No,,,,0,0
60,4a5b8442dc2b34a270acdcd8a14cce573d59dc0922c9e49cda8fe2dd8e4a3862,file,52,0,74,70.27,Trojan:Win32/Alevaul!rfn,5,No,,,,0,0
61,176a34345bbd4eaf96e47bb60c866847de7cdaf315fe376427f4651c09f98e88,file,44,0,76,57.89,Trojan:Win32/Alevaul!rfn,9,No,,,,0,0
62,47.117.165.166,ip_address,10,1,94,10.64,undetected,9,No,China,Shanghai,Shanghai,31.2222,121.4581
63,69135e6dc2242efc46b72940299e67ce,file,57,0,76,75,Trojan:MSIL/Snakekeylogger!rfn,6,No,,,,0,0
64,146.185.233.96,ip_address,6,1,94,6.38,undetected,12,No,Germany,Hesse,Frankfurt am Main,50.1169,8.6837
65,b1c782b4a327dadf0d8db016d7556a92bae4b697b10c9282b293e24564bbef32,file,57,0,76,75,Trojan:Win32/Filisto.B!dha,9,No,,,,0,0
66,178.175.134.52,ip_address,10,1,94,10.64,undetected,9,No,Moldova,Chișinău Municipality,Chisinau,47.0042,28.8574
67,194.156.98.155,ip_address,10,1,94,10.64,undetected,9,No,Hong Kong,Kowloon,Hong Kong,22.3193,114.169
68,de408fbfc8da8d671ea4d1a2b821346ed7ae1332,file,47,0,76,61.84,Trojan:MSIL/Snakekeylogger!rfn,5,No,,,,0,0
69,693874fcf694a9a9ad04fe75d96de7fe9ebe2e07ee1441c79ac3e8eb8aeb06b5,file,35,0,76,46.05,Trojan:Win32/WinLNK.BB!MTB,6,No,,,,0,0
70,497a326c6c207c1fb49e4dad81d051fcf6bcbe047e0d3fe757c298ef8fe99aba,file,1,0,76,1.32,,5,No,,,,0,0
71,http://sanel.net.pl/filescontentgalleries/pictorialcoversoffiles/Bnvqyotgu.mp3,url,0,0,0,0,undetected,5,No,,,,0,0
72,71eb5115e8c47fff1ab0e7acebaea7780223683259a2bb1b8db1eb3f26878ca4,file,14,0,76,18.42,,5,No,,,,0,0
73,3588bda890ebf6138a82ae2e4f3cd7234ec071f343c9f5db5a96a54734eeaf9f,file,35,0,76,46.05,Trojan:Win32/Alevaul!rfn,5,No,,,,0,0
74,https://reverb.trustedreverb.rest/613843740,url,0,0,0,0,undetected,2,No,,,,0,0
75,240d3040559e6215a8931d9d8670c6eae2c1c42a9a74d260261fda22bcf0817d,file,55,0,76,72.37,Trojan:Win64/Filisto!rfn,9,No,,,,0,0
76,51.81.42.234,ip_address,11,2,94,11.7,undetected,8,No,United States,Virginia,Reston,38.958,-77.3592
77,776b4a7ce11d2cc9a94268c7280b652ad0d0fb33d3188cf58987e6c5c4fbb5fb,file,56,0,76,73.68,Trojan:Win32/Filisto!rfn,9,No,,,,0,0
78,53e7b3b72695a1eaea7146ec3cbd05d0ce2a1eba87f035ae07849feb4f59ec63,file,57,0,76,75,Trojan:MSIL/Remcos.AMY!MTB,5,No,,,,0,0
79,7ce9af599857827317a444c5a63a08929ec97765bc2624076f4834f323a41da2,file,20,0,76,26.32,Trojan:MSIL/FormBook!rfn,5,No,,,,0,0
80,http://sanel.net.pl/filescontentgalleries/pictorialcoversoffiles/Jovjvwp.wav,url,0,0,0,0,undetected,5,No,,,,0,0
81,http://sanel.net.pl/filescontentgalleries/pictorialcoversoffiles/Xlkythleoq.pdf,url,0,0,0,0,undetected,5,No,,,,0,0
82,cebucafe.net,domain,10,2,94,10.64,undetected,8,No,,,,0,0
83,http://cud-senegal.org/post-postlogin/Oojhwcym.wav,url,0,0,0,0,undetected,5,No,,,,0,0
84,48c9152e48c525960663f98579edaa35f94025015403bb382f32cb78d69fd850,file,34,0,76,44.74,Trojan:Win32/WinLNK!MSR,6,No,,,,0,0
85,121746df4264aca0c138d35bbe5e2c6eaaa60b72967a527687e83d7e2c653207,file,39,0,76,51.32,Trojan:Win32/Seheq!rfn,7,No,,,,0,0
86,292fce69ac86ae1db56589d018bd390596847a9fe531797102a18c9ff7697d42,file,35,0,76,46.05,Trojan:Win32/WinLNK.GO!MTB,6,No,,,,0,0
87,502104d48d0a4735a6a051744277c9231f8da156311ec99367bca50b7a47a613,file,35,0,76,46.05,Trojan:Win32/WinLNK!MSR,9,No,,,,0,0
88,1cb12045c55bf2669c3573fc79f1335355defe09af64ac2f9ca495eb5f7af528,file,27,0,75,36,Trojan:Win32/Malgent!AMTB,9,No,,,,0,0
89,393421a3673ef684fb916c4b61efdde54d76f14787b422e1a469e5e97b5c098a,file,34,0,76,44.74,Trojan:Win32/Etset!rfn,6,No,,,,0,0
90,27e226d57abfb671b676eb82fe286db0964d35fff73c905573550052e0242176,file,39,0,76,51.32,Trojan:Win32/WinLNK!rfn,6,No,,,,0,0
91,e8f482dc47250eaedf8b839cdb4fd9ebffe59d47c7b48d61ad51d942fd35fa18,file,54,0,76,71.05,Trojan:Win32/Filisto.B!dha,9,No,,,,0,0
92,5b0f8c650f54f17d002c01dcc74713a40eccb0367357d3f86490e9d17fcd71e8,file,32,0,76,42.11,Trojan:Win32/Alevaul!rfn,5,No,,,,0,0
93,davaotour.net,domain,6,3,94,6.38,undetected,9,No,,,,0,0
94,http://sanel.net.pl/filescontentgalleries/pictorialcoversoffiles/Hlynogyqp.dat,url,0,0,0,0,undetected,5,No,,,,0,0
95,43a9f0a3963d700a6d586c65fc7fdd1bb562b861942c384e7767213cf1059ef9,file,28,0,76,36.84,Trojan:Win32/WinLNK!MSR,6,No,,,,0,0
96,a95930ff02a0d13e4dbe603a33175dc73c0286cd53ae4a141baf99ae664f4132,file,64,0,76,84.21,Trojan:Win64/Meterpreter.AMTB,5,No,,,,0,0
97,https://reverb.8283762152.buzz/944430510239,url,0,0,0,0,undetected,2,No,,,,0,0
98,dc513e35a6d96933e7af2b300782a32131d31445a6d1e2bbca9604128c92e7c6,file,39,0,76,51.32,Trojan:MSIL/Jalapeno.ZZZ!MTB,5,No,,,,0,0
99,31742ab79932af3649189b9287730384215a8dccdf21db50de320da7b3e16bb4,file,0,0,0,0,undetected,5,No,,,,0,0
100,http://sanel.net.pl/filescontentgalleries/pictorialcoversoffiles/Uvkoiguq.dat,url,0,0,0,0,undetected,5,No,,,,0,0
101,bc6a77331e4d320202e73dccd211d7da,file,57,0,76,75,Trojan:MSIL/Remcos.AMY!MTB,5,No,,,,0,0
102,252d9ed583bbd2e5d75ae5167feb393bd50b44933594f9586aaf5d9987cf78ec,file,57,0,76,75,Trojan:Win32/Alevaul!rfn,5,No,,,,0,0
103,26d38f4e95579c2ce76914f2e436be56042c9ab9,file,39,0,76,51.32,Trojan:MSIL/Jalapeno.ZZZ!MTB,5,No,,,,0,0
104,6a434008e4553cc5618143f9529cceef2fecc2c6,file,51,0,76,67.11,Trojan:MSIL/Remcos.AMAA!MTB,5,No,,,,0,0
105,3c6511b15e3b0e8c378a549347fa0f0745fd371aaa86206cb03528fdc0a23b29,file,26,0,76,34.21,TrojanDropper:PowerShell/Ploty.C,2,No,,,,0,0
106,4117245310c57f687d0c353c06a6eda4c1e93ebee33fb5f712142c272a3c1108,file,36,0,76,47.37,Trojan:Win32/WinLNK!MSR,7,No,,,,0,0
107,59.188.69.190,ip_address,5,1,94,5.32,undetected,9,No,Hong Kong,Kwai Tsing,Kwai Chung,22.3702,114.13
108,94ac4b41d910b2a211bb1626e317fad8,file,53,0,76,69.74,Trojan:MSIL/Heracles!rfn,5,No,,,,0,0
109,904b3876526c1f765c93b330d229a1a2,file,54,0,75,72,Trojan:Win32/Alevaul!rfn,5,No,,,,0,0
110,http://sanel.net.pl/filescontentgalleries/pictorialcoversoffiles/Cfyenm.mp4,url,0,0,0,0,undetected,5,No,,,,0,0
111,43.254.217.138,ip_address,9,1,94,9.57,undetected,5,No,Hong Kong,Yau Tsim Mong,Mong Kok,22.3205,114.169
112,http://sanel.net.pl/filescontentgalleries/pictorialcoversoffiles/Bonhowau.mp4,url,0,0,0,0,undetected,5,No,,,,0,0
113,829c5a07b065b15969ea8c519705d64fc4c1c39c05e898fc9abfbdb289c484d5,file,40,0,76,52.63,TrojanDropper:PowerShell/Cobacis.B,2,No,,,,0,0
114,1d7297fbd7932b0fe8984be415d0b28c,file,53,0,75,70.67,Trojan:Win32/Alevaul!rfn,5,No,,,,0,0
115,162.33.177.56,ip_address,9,1,94,9.57,undetected,11,No,United States,Illinois,Chicago,41.8835,-87.6305
116,103.199.16.92,ip_address,10,1,94,10.64,undetected,9,No,Vietnam,Hanoi,Hai BàTrưng,20.9959,105.869
117,4280eb4cfa0445a40d8e1dfafdc0eb24613f3536c5959270ef0079034b30e653,file,56,0,76,73.68,Trojan:Win32/Alevaul!rfn,5,No,,,,0,0
118,cud-senegal.org,domain,15,0,94,15.96,undetected,6,No,,,,0,0
119,c32d97fb9a1681a7bea3f417abde0264a2332221e317c8543e337baac9307c67,file,57,0,76,75,Trojan:MSIL/Snakekeylogger!rfn,6,No,,,,0,0
120,cebucfg.org,domain,12,2,94,12.77,undetected,9,No,,,,0,0
121,1753fa34babeeee3b20093b72987b7f5e257270f86787c81a556790cb322c747,file,0,0,0,0,undetected,5,No,,,,0,0
122,033de779278ecfdee7117d5d0a710e22eb501421e0c5f93e4ea3e82f414bbb90,file,39,0,76,51.32,Trojan:Win32/WinLNK!rfn,6,No,,,,0,0
123,9dfb5581b664fc1d9e23d4eb917acf0f,file,32,0,76,42.11,Trojan:MSIL/RedLine!rfn,5,No,,,,0,0
124,3fb81913c2daf36530c9ae011feebeb5bc61432969598e2dfaa52fc2ce839f20,file,53,0,76,69.74,Trojan:Win32/Filisto.B!dha,9,No,,,,0,0
125,70077fde6c5fc5e4d607c75ff5312cc2fdf61ea08cae75f162d30fa7475880de,file,65,0,76,85.53,Trojan:Win32/Meterpreter.O,9,No,,,,0,0
126,23012d0e71e40913967a511475b55690e34afcad72ca819b82c885a0df8aea79,file,52,0,76,68.42,Trojan:Win32/Alevaul!rfn,9,No,,,,0,0
127,f4dd0a6594d50012b6b2e3fd578e40a2aa91dae2c2454d04df5c8c9898774da6,file,0,0,0,0,undetected,9,No,,,,0,0
128,80.66.79.195,ip_address,4,1,94,4.26,undetected,11,No,Moldova,Chișinău Municipality,Chisinau,47.0042,28.8574
129,http://sanel.net.pl/filescontentgalleries/pictorialcoversoffiles/Gikwomjv.wav,url,0,0,0,0,undetected,5,No,,,,0,0
130,b0d585b05e57d0e0838ccb96e657a57b,file,52,0,74,70.27,Trojan:Win32/Alevaul!rfn,5,No,,,,0,0
131,8abe037a0b7589f5e802c5e4a397d5252d3fcfb7,file,54,0,75,72,Trojan:Win32/Alevaul!rfn,5,No,,,,0,0
132,http://sanel.net.pl/filescontentgalleries/pictorialcoversoffiles/Qecvodcnuz.wav,url,0,0,0,0,undetected,5,No,,,,0,0
133,71b900826c223ca6c73882346375434b7f29f3955e3904bd240b88fc6ab6e802,file,35,0,76,46.05,Trojan:Win32/WinLNK!MSR,6,No,,,,0,0
134,28a5acd85516b62d870bd89df464360ecc705324c8e5266e81e7622b25c9d4ff,file,32,0,76,42.11,Trojan:Win32/WinLNK!rfn,6,No,,,,0,0
135,43521476aef880711c58bd9f6471908358cb28d0,file,57,0,76,75,Trojan:MSIL/Snakekeylogger!rfn,6,No,,,,0,0
136,118.193.240.214,ip_address,5,1,94,5.32,undetected,9,No,China,Shaanxi,Xi'an,34.2658,108.954
137,a2f493769c0cd1cb3518571678f071588d683703ed368830f15405c1eb4028b2,file,63,0,76,82.89,Trojan:Win64/Bulz.SPVV!MTB,2,No,,,,0,0
138,134d02ddcc75a2d7e0e1824d430ba2e9a2a96682452fa6ec84660ed5d0a88023,file,37,0,76,48.68,Trojan:Win32/Dropper!MSR,7,No,,,,0,0
139,075737b17ba72aed5f45d227bf91dd5744914308e1468717a8f3100a0cca8156,file,47,0,76,61.84,Trojan:MSIL/Snakekeylogger!rfn,5,No,,,,0,0
140,dd832c8e30ed50383495d370836688ee48e95334270cbbce41109594cb0c9fd1,file,0,0,0,0,undetected,5,No,,,,0,0
141,0a367cc7e7e297248fad57e27f83316b7606788db9468f59031fed811cfe4867,file,39,0,76,51.32,Backdoor:Linux/ConnectBack.A!xp,9,No,,,,0,0
142,95eee44482b4226efe3739bed3fa6ce7ae7db407c1e82e988f27cd27a31b56a6,file,0,0,0,0,undetected,5,No,,,,0,0
143,103.232.223.117,ip_address,5,1,94,5.32,undetected,9,No,Hong Kong,Kwai Tsing,Shek Lei,22.3676,114.137
144,8015b6036ecbae1f9e850af6bdf361d7598201cd4d4c55ae334ed72cf17ba94d,file,0,0,0,0,undetected,2,No,,,,0,0
145,a8b643686c48a22999771649dc6c1af41ca97422,file,55,0,76,72.37,Trojan:MSIL/Heracles.SZCF!MTB,5,No,,,,0,0
146,07d8a505492566daeb6174c312a4f7114dc60efcd1d17fef12ca0b8d6303fb2b,file,0,0,0,0,undetected,2,No,,,,0,0
147,001380aa1c1850dd603f9e1315f3b9c450e6da13686a0b6ec5c05991df46ff1a,file,54,0,76,71.05,Trojan:Win32/Filisto.B!dha,9,No,,,,0,0
148,efc0d2c1e05e106c5c36160e17619a494676deb136fb877c6d26f3adf75a5777,file,55,0,76,72.37,Trojan:Win64/Malgent!MSR,11,No,,,,0,0
149,5376a5fb2c4189fbc18b30730683b3ecfe4f2503,file,32,0,76,42.11,Trojan:MSIL/Snakekeylogger!rfn,5,No,,,,0,0
150,bab01d029556cf6290f6f21fec5932e13399f93c5fdbcffd3831006745f0eb83,file,1,0,76,1.32,,5,No,,,,0,0
151,5b2ad349dd02a00bc8860294657139d681b0c786afcbcb1ffab77f57b01e7b00,file,34,0,76,44.74,Trojan:Win32/WinLNK!rfn,6,No,,,,0,0
152,e0d969b95bd91f58b775d2c9b9190a4f7c5ee8a76d63286227885e071883fdef,file,58,0,76,76.32,Trojan:Win64/Filisto.K!dha,9,No,,,,0,0
153,http://sanel.net.pl/filescontentgalleries/pictorialcoversoffiles/Zafvlztxj.vdf,url,0,0,0,0,undetected,5,No,,,,0,0
154,edac6216665f1c8b0a09158abdd5e7fab63a386a1c9ad31ddd5ee92a6aa811fc,file,53,0,75,70.67,Trojan:Win32/Alevaul!rfn,5,No,,,,0,0
155,234899dea0a0e91c67c7172204de3a92a4cbeef37cdc10f563bf78343234ad1d,file,0,0,76,0,,5,No,,,,0,0
156,9d33726fc1d39fdc0426c70ed0cfb515e15f50d39c46d8ff38025b4faf8811dc,file,54,0,75,72,Trojan:Win32/Alevaul!rfn,5,No,,,,0,0
157,e3292e944f3deb871d9d3c2fc28a0255ad900f067f074039dde86a55dcc7b67c,file,37,0,76,48.68,Trojan:Win32/Alevaul!rfn,9,No,,,,0,0
158,http://cud-senegal.org/post-postlogin/Cpoewtupeck.mp4,url,0,0,0,0,undetected,5,No,,,,0,0
159,42b8b464147160c2f4c2722dfc222749e67384824bbbb140385271895b138c7b,file,58,0,76,76.32,Trojan:Win32/Filisto.B!dha,9,No,,,,0,0
160,fe2046e479289b1013eb394f5b3d7a49a419cb98015add3ead0fa87614fe6e38,file,62,0,76,81.58,Trojan:Win64/Filisto!MTB,11,No,,,,0,0
161,f7396835d69675b138d0e2bee9b4ceb0a048bf705cb2f1012f1eee51e406d6e6,file,0,0,0,0,undetected,2,No,,,,0,0
162,691cc4a12fbada29d093e57bd02ca372bc10968b706c95370daeee43054f06e3,file,41,0,76,53.95,Backdoor:Linux/ConnectBack.A!xp,5,No,,,,0,0
163,d67774dde98db6aca8271566fac6f3d0e8e474c40604efeedd5b1276abcc8af5,file,59,0,76,77.63,Trojan:Win64/Filisto.K!dha,9,No,,,,0,0
164,3b4e709768d7cd0cb895de74267f45a6ef6565ebed445393878f17ae02a983e3,file,32,0,76,42.11,Trojan:MSIL/RedLine!rfn,5,No,,,,0,0
165,8d440c5f0eca705c6d27aa4883c9cc4f8711de30fea32342d44a286b362efa9a,file,0,0,0,0,undetected,5,No,,,,0,0
166,a132e9441c29960d2f7c3799ffc00018,file,57,0,76,75,Trojan:Win32/Alevaul!rfn,5,No,,,,0,0
167,2f1cb29e47c5b07fba3070d6a5339b00d2f3075eb7717438cf5cf53679793919,file,32,0,76,42.11,Trojan:MSIL/Snakekeylogger!rfn,5,No,,,,0,0
168,f7f6d0afb300b57c32853d49ff50650f5d1dc7cf8111aa32ff658783c038bfe5,file,0,0,76,0,,5,No,,,,0,0
169,47013e731b37a80e96a3523e042c23e67bfa721d3651e735307f4a1545898b11,file,45,0,76,59.21,Trojan:Win32/Filisto.B!dha,9,No,,,,0,0
170,02ab315e4e3cf71c1632c91d4914c21b9f6e0b9aa0263f2400d6381aab759a61,file,42,0,76,55.26,Trojan:Win32/Alevaul!rfn,10,No,,,,0,0
171,0fd82ff1a4b4f3c55b7faa73621ecb7d11c3cde95631de841cb304a7968804df,file,57,0,76,75,Trojan:Win64/Filisto!rfn,9,No,,,,0,0
172,9d1f828cef9822b3738da0b9184eba5c,file,47,0,76,61.84,Trojan:MSIL/Snakekeylogger!rfn,5,No,,,,0,0
173,39.106.141.68,ip_address,10,1,94,10.64,undetected,9,No,China,Beijing,Beijing,39.911,116.395
174,http://sanel.net.pl/filescontentgalleries/pictorialcoversoffiles/Fxsovxc.pdf,url,0,0,0,0,undetected,5,No,,,,0,0
175,3d262950bf89995dce56f2c8db16938d37be5564d5e2b011ea49fe2f523f980a,file,58,0,76,76.32,Trojan:Win32/Filisto!rfn,9,No,,,,0,0
176,ff5a789d0df1b28a183d7f256d3d4f649a16ae4679ef803d28cd9f7443416310,file,43,0,76,56.58,Trojan:Win32/Alevaul!rfn,9,No,,,,0,0
177,http://sanel.net.pl/filescontentgalleries/pictorialcoversoffiles/Ztpcwfowiiu.wav,url,0,0,0,0,undetected,5,No,,,,0,0
178,http://sanel.net.pl/filescontentgalleries/pictorialcoversoffiles/Sjydgbr.pdf,url,0,0,0,0,undetected,5,No,,,,0,0
179,b830fe3d5d5462bef92991dd78869a173cb56d823e7776bfa56e09642dd880ed,file,57,0,76,75,Trojan:Win32/Filisto.A!dha,9,No,,,,0,0
180,http://sanel.net.pl/filescontentgalleries/pictorialcoversoffiles/Bibyep.mp4,url,0,0,0,0,undetected,5,No,,,,0,0
181,ffb8db57b543ba8a5086640a0b59a5def4929ad261e9f3624b2c0a22ae380391,file,1,0,76,1.32,Trojan:Win32/Casdet!rfn,5,No,,,,0,0
182,75d2d368d735fca2bad0155510cb4a927f7f246ea72299395990027264056521,file,31,0,61,50.82,Trojan:MSIL/Zusy!rfn,5,No,,,,0,0
183,565fbe3f1f444f79aef375678ebbe2cd08ba55bdbee737b4ed2e6d2f7bcfcc16,file,56,0,76,73.68,Trojan:Win64/Filisto!rfn,9,No,,,,0,0
184,a85423a1a37f604e492ee58920178080f0da306750a356ddfe1b695c12becd07,file,25,0,76,32.89,Trojan:MSIL/AgentTesla.G!MTB,5,No,,,,0,0
185,fdf977f0c20e7f42dd620db42d20c561208f85684d3c9efd12499a3549be3826,file,0,0,0,0,undetected,8,No,,,,0,0
186,dfdd6847579ec6d9630feeda1f5bcbf009d270cd461d30781719a9c218f33d9e,file,58,0,76,76.32,Trojan:Win32/Filisto.B!dha,9,No,,,,0,0
187,http://sanel.net.pl/filescontentgalleries/pictorialcoversoffiles/Qcqvzdtpln.pdf,url,0,0,0,0,undetected,5,No,,,,0,0
188,103.224.80.102,ip_address,7,1,94,7.45,undetected,9,No,China,Beijing,Haidian,39.9999,116.315
189,4c4f00c46127a85a5b98a696f2937e16b9523252,file,52,0,74,70.27,Trojan:Win32/Alevaul!rfn,5,No,,,,0,0
190,d47e35baee57eb692065a2295e3e9de40e4c57dba72cb39f9acb9f564c33b421,file,0,0,0,0,undetected,5,No,,,,0,0
191,15a5e11ea8f416f7d27d02ce876bfa8dcd22cdedb93764bffc8db4c5a922ae18,file,35,0,76,46.05,Trojan:Win32/WinLNK.GAG!MTB,6,No,,,,0,0
192,160.124.251.105,ip_address,8,1,94,8.51,undetected,9,No,South Africa,Gauteng,Pretoria,-25.7635,28.2965
193,5300b4624e8e95c8dd86859f1f84c054c26a4869c4c3d714e9c6d7a01b2c11ae,file,34,0,76,44.74,Trojan:Win32/Runner!MTB,6,No,,,,0,0
194,80.66.79.159,ip_address,7,1,94,7.45,undetected,11,No,Moldova,Chișinău Municipality,Chisinau,47.0042,28.8574
195,0737b47a47defc6051cec713f53d8fd4d532ff0011fc94d6b01c5a525bfbae44,file,33,0,76,43.42,Trojan:Win32/WinLNK.GO!MTB,6,No,,,,0,0
196,7be321191f63d420ce77a9887df3047d,file,32,0,76,42.11,Trojan:MSIL/Snakekeylogger!rfn,5,No,,,,0,0
197,6f6f7aa6144a1cfe61ac0a80db7ad712440bdc5730644e05794876eb8b6a41b4,file,0,0,76,0,,5,No,,,,0,0
198,e9ab4772ba6de2db9add3d4bbd3ce0f2dd899f16399b57fd2a539769e6ee973a,file,30,0,76,39.47,Trojan:MSIL/Malgent!MSR,5,No,,,,0,0
199,http://sanel.net.pl/filescontentgalleries/pictorialcoversoffiles/Wyvmy.wav,url,0,0,0,0,undetected,5,No,,,,0,0
200,58.64.193.166,ip_address,8,1,94,8.51,undetected,9,No,Hong Kong,Kwai Tsing,Kwai Chung,22.3702,114.13
201,13ac538c8c6696a59f890677cf451db77b7c33539da1d380640ce549b2b70ca4,file,53,0,76,69.74,Trojan:MSIL/Heracles!rfn,5,No,,,,0,0
202,d1825cd7a985307c8585d88d247922c3a51835f9338dc76c10cdbad859900a03,file,41,0,76,53.95,Trojan:Win32/Alevaul!rfn,5,No,,,,0,0
203,788945d484b4e7da7adb438db52c35dd033869c5f43f027a5b6903b7b1dbbd7b,file,54,0,76,71.05,Trojan:Win32/Filisto!rfn,9,No,,,,0,0
204,84570dac910557d0d8217db746c9a8fd4a27cd3db89135731c7f3584b37df533,file,31,0,76,40.79,Trojan:MSIL/FormBook.AFO!MTB,5,No,,,,0,0
205,0c0d6e88326574a8b761f71c9e0bb186ce17bdd4fe1ac68d080113fa3f0a6fdd,file,1,0,76,1.32,,6,No,,,,0,0
206,38.14.255.23,ip_address,8,3,94,8.51,undetected,13,No,United States,California,San Jose,37.3388,-121.8916
207,6774a822d9c66951be95341d50c1f876a9373fefef52f68f29eaae4efc621817,file,43,0,76,56.58,Trojan:MSIL/Remcos.AMAA!MTB,5,No,,,,0,0
208,158.247.211.51,ip_address,10,1,94,10.64,undetected,7,No,South Korea,Seoul,Seoul,37.5658,126.978
209,12d4efe2b21b5053a3a21b49f25a6a4797dc6e9a80d511f29ca67039ba361f63,file,0,0,0,0,undetected,5,No,,,,0,0
210,0f383b8f68f3b3c3a18ec778a1150563801b8716c7114432ff51a28fff2963b4,file,0,0,0,0,undetected,9,No,,,,0,0
211,http://sanel.net.pl/filescontentgalleries/pictorialcoversoffiles/Guwasd.dat,url,0,0,0,0,undetected,5,No,,,,0,0
212,58c651a2fa72cee6d867fc80790b9b26eca30b9cb0dbb129ac1b175b25d38c3a,file,35,0,76,46.05,Trojan:Win32/WinLNK!MSR,6,No,,,,0,0
213,http://sanel.net.pl/filescontentgalleries/pictorialcoversoffiles/Awtvbihi.vdf,url,0,0,0,0,undetected,5,No,,,,0,0
214,e159824448a8e53425b38bd11030aa786c460f956c9d7fc118b212e8ced4087a,file,14,0,76,18.42,,5,No,,,,0,0
215,80b80e15f605f0b8740e1989e505280394d746e8a8ee37cdb9b009d745e42da0,file,40,0,76,52.63,Trojan:Win32/Alevaul!rfn,5,No,,,,0,0
216,146.185.239.45,ip_address,14,2,94,14.89,undetected,12,No,Spain,Madrid,Madrid,40.4168,-3.70379
217,bf50ed2dd7a721e7c1b13b1eed0f21c3274808d5016310c52b1473530d78f34a,file,60,0,76,78.95,Trojan:Win64/Filisto.D!dha,9,No,,,,0,0
218,6b5a75dcc505ac1c065844be27ee6d4693ac51abfc04aaf9bbfc1a06e69a19fd,file,0,0,0,0,undetected,2,No,,,,0,0
219,0321758329ca44f1c9f7e15a37f081df39ba37598b1547d2f2bbc839b34f0b2b,file,36,0,76,47.37,Trojan:Win32/WinLNK!MSR,8,No,,,,0,0
220,25df8f277074560cb899314cd649c6d937727c5cce5390a7187a6572dd2e4be1,file,56,0,76,73.68,Trojan:Win32/Filisto!rfn,9,No,,,,0,0
221,08c1095d03b98db74831f2df2db7f57c,file,56,0,76,73.68,Trojan:Win32/Alevaul!rfn,5,No,,,,0,0
222,http://sanel.net.pl/filescontentgalleries/pictorialcoversoffiles/Zerwfilj.pdf,url,0,0,0,0,undetected,5,No,,,,0,0
223,bff0ec65af8b2bb37fcc5202f823b5877ebdcc8efbd32e08f309cbcb4dc2570c,file,50,0,77,64.94,Trojan:MSIL/Remcos.AMY!MTB,5,No,,,,0,0
224,45.32.127.212,ip_address,8,1,94,8.51,undetected,5,No,Singapore,South West,Singapore,1.32123,103.695
225,5544a68a2b391c88a02f1f581ea1dde9c5cf8aeb41bb55269989528303580846,file,42,0,76,55.26,Trojan:Win32/Filisto.B!dha,9,No,,,,0,0
226,710c73d806457e576a9987be60ed8676af610b7910928f9fa57fbc58f5f45d52,file,53,0,76,69.74,Trojan:Win32/Alevaul!rfn,9,No,,,,0,0
227,cec655cc4c6bfcbc336d3afc4e5537e619bcf58329d291a51f39b3d3a250e962,file,0,0,0,0,undetected,2,No,,,,0,0
228,f6cc143869e770df9d1339aa1bef73a8,file,51,0,76,67.11,Trojan:MSIL/Remcos.AMAA!MTB,5,No,,,,0,0
229,80.66.79.91,ip_address,6,1,94,6.38,undetected,12,No,Moldova,Chișinău Municipality,Chisinau,47.0042,28.8574
230,81550f2d7875a9611f48ac1465a24379,file,55,0,76,72.37,Trojan:MSIL/Heracles.SZCF!MTB,5,No,,,,0,0
231,f7b52ee613f8d4e55a69f0b93aa9aa5472e453b0c458c8390db963ff8b0b769c,file,0,0,0,0,undetected,5,No,,,,0,0
232,b7690c0fc9ec32e1a54663a2e5581e6260fe9318a565a475ee8a56c0638f38d0,file,43,0,76,56.58,,5,No,,,,0,0
233,http://sanel.net.pl/filescontentgalleries/pictorialcoversoffiles/Jlhwfgnnyms.wav,url,0,0,0,0,undetected,5,No,,,,0,0
234,59.188.77.188,ip_address,5,1,94,5.32,undetected,9,No,Hong Kong,Kwai Tsing,Kwai Chung,22.3702,114.13
235,http://cud-senegal.org/post-postlogin/Nrileknnlgv.vdf,url,0,0,0,0,undetected,5,No,,,,0,0
236,http://sanel.net.pl/filescontentgalleries/pictorialcoversoffiles/Iicivjzqdma.mp3,url,0,0,0,0,undetected,5,No,,,,0,0
237,http://sanel.net.pl/filescontentgalleries/pictorialcoversoffiles/Lcrakntjck.pdf,url,0,0,0,0,undetected,5,No,,,,0,0
238,http://sanel.net.pl/filescontentgalleries/pictorialcoversoffiles/Sfrnotlay.mp3,url,0,0,0,0,undetected,5,No,,,,0,0
239,149.102.243.100,ip_address,10,1,94,10.64,undetected,9,No,United States,California,Los Angeles,34.0544,-118.244
240,a774244ea5d759c4044aea75128a977e45fd6d1bb5942d9a8a1c5d7bff7e3db9,file,41,0,76,53.95,HackTool:Win64/FScan!MSR,5,No,,,,0,0
241,236850ae28015cf9b0f20a677ade5bef2a85bef665585c48d88cc00a823323ad,file,36,0,76,47.37,Trojan:Win32/WinLNK.GAG!MTB,6,No,,,,0,0
242,f9eb34c34e4a91630f265f12569f70b83feba039c861d6bf906b74e7fb308648,file,0,0,76,0,,5,No,,,,0,0
243,118.31.18.77,ip_address,5,1,94,5.32,undetected,12,No,China,Zhejiang,Hangzhou,30.2943,120.1663
244,2b59b03e9232b83b8914ed07c6426dd53d17cfb2eba01ab13d4c6cb00466a42e,file,57,0,76,75,Trojan:Win32/Filisto.A!dha,9,No,,,,0,0
245,ecb6b3a63ecdcd06c952b1ab15ba6b5e531fa389,file,32,0,76,42.11,Trojan:MSIL/RedLine!rfn,5,No,,,,0,0
246,f4c4e7cf29a85c57f505d6b111c80c0153dab1a1,file,57,0,76,75,Trojan:Win32/Alevaul!rfn,5,No,,,,0,0
